Workbook

Sheet Metadatos
A1: Calculadora de alturas altura–diámetro (h–d)
A2: Basada en el TFG de Alicia Xu Díez Gómez — «Evaluación técnica y desarrollo de relaciones altura-diámetro para la estimación de volumen maderable» (UVa, jun. 2026).
A3: Zona de estudio: norte de Palencia y municipios colindantes de León. Válida para las 4 especies modelizadas. Fuera de esa zona/especies las predicciones no son fiables.
A5: VARIABLE | B5: TIPO | C5: OBLIGATORIA PARA | D5: EXPLICACIÓN
A6: ID Parcela | B6: texto / número | C6: — | D6: [opcional] Identificador de parcela. Usa el mismo ID para todos los árboles de una parcela.
A7: ID Árbol | B7: texto / número | C7: — | D7: [opcional] Identificador único del árbol dentro de la parcela.
A8: Especie | B8: lista desplegable | C8: todos | D8: Una de las 4 especies del estudio: Pinus sylvestris, Pinus nigra, Pinus pinaster o Quercus pyrenaica.
A9: dbh (cm) | B9: numérico | C9: todos | D9: Diámetro normal (a 1,30 m). Los modelos se ajustaron con dbh ≥ 7,5 cm; por debajo no hay datos.
A10: Ho (m) | B10: numérico | C10: Ext. con Ho · JCyL | D10: Altura dominante del rodal (m). Variable de masa más informativa; requiere medir algunas alturas en campo.
A11: Do (cm) | B11: numérico | C11: Ext. con Ho | D11: Diámetro dominante del rodal (cm).
A12: dg (cm) | B12: numérico | C12: JCyL | D12: Diámetro medio cuadrático del rodal (cm).
A13: N (pies/ha) | B13: numérico | C13: Ext. sin Ho | D13: Densidad de la masa (pies por hectárea).
A14: G (m²/ha) | B14: numérico | C14: Ext. sin Ho | D14: Área basimétrica del rodal (m²/ha).
A15: BAL (m²/ha) | B15: numérico | C15: Ext. (según especie) | D15: Área basimétrica acumulada de árboles de mayor diámetro (competencia).
A16: SDI | B16: numérico | C16: Ext. sin Ho (pinaster) | D16: Índice de densidad de Reineke (adimensional).
... A18: h … (m) | B18: numérico | C18: salida | D18: Altura total predicha por cada modelo (m). Celda vacía = faltan variables de entrada de ese modelo.
A20: Cómo funciona:
A21: 1) Elige la Especie y escribe el dbh: se rellenan solas las columnas «h Base» y «h Nacional» (solo necesitan el diámetro).
A22: 2) Si dispones de variables de masa del rodal (Ho, Do, dg, N, G, BAL, SDI, ALT), rellénalas y se activarán los modelos extendidos y el de la JCyL.
A23: 3) Cada columna de altura es un modelo distinto; compara sus predicciones. Consulta la hoja «Modelos» para ver las ecuaciones y su precisión (validación).
A24: 4) Los coeficientes por especie están en la hoja oculta «coefs» (no la edites salvo que reajustes el modelo).
A25: Recomendación del TFG: cuando haya altura dominante disponible, «h Ext. con Ho» y «h JCyL» son los más precisos (R²≈0,9 en pinos).

Sheet coefs
A1: Especie | B1: base_p1 | C1: base_p2 | D1: base_p3 | E1: h2_1 | F1: h2_2 | G1: h2_3 | H1: h2_4 | I1: h2_5 | J1: h2_6 | K1: h3_1 | L1: h3_2 | M1: h3_3 | N1: h3_4 | O1: h3_5 | P1: h3_6 | Q1: j_a | R1: j_b | S1: j_c | T1: j_d | U1: n_a | V1: n_b
A2: Pinus sylvestris | B2: 3.62 | C2: 4.812 | D2: 0.797 | E2: 2.314 | F2: 0.033 | G2: 1.48 | H2: 0.053 | I2: 0.262 | J2: 0.053 | K2: 3.394 | L2: -0.0002 | M2: 4.969 | N2: -0.054 | O2: 0.741 | P2: 0.003 | Q2: 0.799 | R2: 1.485 | S2: 0.075 | T2: 2.732 | U2: 0.837 | V2: 2.228
A3: Pinus nigra | B3: 3.35 | C3: 10.166 | D3: 1.081 | E3: 3.057 | F3: -0.0002 | G3: 1.584 | H3: 0.023 | I3: 0.079 | J3: 0.047 | K3: 3.039 | L3: -0.0002 | M3: 11.905 | N3: -0.005 | O3: 0.88 | P3: 0.011 | Q3: 1.961 | R3: 1.712 | S3: 0.103 | T3: 3.57 | U3: 0.645 | V3: 2.387
A4: Pinus pinaster | B4: 17.665 | C4: 4.673 | D4: 0.074 | E4: 3.013 | F4: 0.915 | G4: 2.502 | H4: -0.0002 | I4: 0.104 | J4: -0.0009 | K4: 13.976 | L4: 0.245 | M4: 2.874 | N4: 0.0001 | O4: 0.065 | P4: -0.0006 | Q4: 4.679 | R4: 1.718 | S4: 0.103 | T4: 4.571 | U4: 0.418 | V4: 2.674
A5: Quercus pyrenaica | B5: 12.828 | C5: -1.91 | D5: 0.118 | E5: 3.125 | F5: 0.734 | G5: -0.544 | H5: -0.081 | I5: 0.154 | J5: -0.0001 | K5: 17.355 | L5: -0.003 | M5: -1.526 | N5: -0.007 | O5: 0.058 | P5: 0.002 | Q5: 5.352 | R5: 1.153 | S5: 0.093 | T5: 3.136 | U5: 1.296 | V5: 1.888

Sheet Calculadora
A1: ID Parcela | B1: ID Árbol | C1: Especie | D1: dbh (cm) | E1: Ho (m) | F1: Do (cm) | G1: dg (cm) | H1: N (pies/ha) | I1: G (m²/ha) | J1: BAL (m²/ha) | K1: SDI | L1: ALT (m) | M1: h Base Local 1 (m) | N1: h Ext. con Ho Local 2 (m) | O1: h Ext. sin Ho Local 3 (m) | P1: h JCyL (m) | Q1: h Nacional (m)
A2: ej-1 | B2: 1 | C2: Pinus sylvestris | D2: 25 | E2: 18 | F2: 30 | G2: 24 | H2: 800 | I2: 28 | J2: 12 | K2: 700 | L2: 1200 | M2: =IFERROR(IF(OR($C2="",$D2=""),"",IF($C2="Pinus pinaster",S2/(1+T2*EXP(-U2*$D2)),IF($C2="Quercus pyrenaica",S2*EXP(T2*EXP(-U2*$D2)),1.3+EXP(S2*EXP(-T2*$D2^(-U2)))))),"") -> 13.488969 | N2: =IFERROR(IF($C2="Pinus sylvestris",IF(OR($D2="",$E2="",$F2=""),"",1.3+EXP((V2+W2*$E2)*EXP(-(X2+Y2*$F2)*$D2^(-(Z2+AA2*$E2))))),IF($C2="Pinus nigra",IF(OR($D2="",$E2="",$F2="",$J2=""),"",1.3+EXP((V2+W2*$J2)*EXP(-(X2+Y2*$F2)*$D2^(-(Z2+AA2*$E2))))),IF($C2="Pinus pinaster",IF(OR($D2="",$E2="",$H2="",$F2=""),"",(V2+W2*$E2)/(1+(X2+Y2*$H2)*EXP(-(Z2+AA2*$F2)*$D2))),IF($C2="Quercus pyrenaica",IF(OR($D2="",$E2="",$G2="",$J2=""),"",(V2+W2*$E2)*EXP((X2+Y2*$G2)*EXP(-(Z2+AA2*$J2)*$D2))),"")))),"") -> 16.712473 | O2: =IFERROR(IF($C2="Pinus sylvestris",IF(OR($D2="",$H2="",$I2="",$J2=""),"",1.3+EXP((AB2+AC2*$H2)*EXP(-(AD2+AE2*$I2)*$D2^(-(AF2+AG2*$J2))))),IF($C2="Pinus nigra",IF(OR($D2="",$H2="",$L2="",$I2=""),"",1.3+EXP((AB2+AC2*$H2)*EXP(-(AD2+AE2*$L2)*$D2^(-(AF2+AG2*$I2))))),IF($C2="Pinus pinaster",IF(OR($D2="",$I2="",$K2=""),"",(AB2+AC2*$I2)/(1+(AD2+AE2*$K2)*EXP(-(AF2+AG2*$I2)*$D2))),IF($C2="Quercus pyrenaica",IF(OR($D2="",$L2="",$J2="",$I2=""),"",(AB2+AC2*$L2)*EXP((AD2+AE2*$J2)*EXP(-(AF2+AG2*$I2)*$D2))),"")))),"") -> 12.724375 | P2: =IFERROR(IF(OR($C2="",$D2="",$E2="",$G2=""),"",1.3+(AH2+AI2*$E2-AJ2*$G2)*EXP(-AK2/SQRT($D2))),"") -> 16.197878 | Q2: =IFERROR(IF(OR($C2="",$D2=""),"",1.3+AL2*(LN(1+$D2))^AM2),"") -> 12.930788 | S2: =IF($C2="","",VLOOKUP($C2,coefs!$A:$V,2,FALSE())) -> 3.62 | T2: =IF($C2="","",VLOOKUP($C2,coefs!$A:$V,3,FALSE())) -> 4.812 | U2: =IF($C2="","",VLOOKUP($C2,coefs!$A:$V,4,FALSE())) -> 0.797 | V2: =IF($C2="","",VLOOKUP($C2,coefs!$A:$V,5,FALSE())) -> 2.314 | W2: =IF($C2="","",VLOOKUP($C2,coefs!$A:$V,6,FALSE())) -> 0.033 | X2: =IF($C2="","",VLOOKUP($C2,coefs!$A:$V,7,FALSE())) -> 1.48 | Y2: =IF($C2="","",VLOOKUP($C2,coefs!$A:$V,8,FALSE())) -> 0.053 | Z2: =IF($C2="","",VLOOKUP($C2,coefs!$A:$V,9,FALSE())) -> 0.262 | AA2: =IF($C2="","",VLOOKUP($C2,coefs!$A:$V,10,FALSE())) -> 0.053 | AB2: =IF($C2="","",VLOOKUP($C2,coefs!$A:$V,11,FALSE())) -> 3.394 | AC2: =IF($C2="","",VLOOKUP($C2,coefs!$A:$V,12,FALSE())) -> -0.0002 | AD2: =IF($C2="","",VLOOKUP($C2,coefs!$A:$V,13,FALSE())) -> 4.969 | AE2: =IF($C2="","",VLOOKUP($C2,coefs!$A:$V,14,FALSE())) -> -0.054 | AF2: =IF($C2="","",VLOOKUP($C2,coefs!$A:$V,15,FALSE())) -> 0.741 | AG2: =IF($C2="","",VLOOKUP($C2,coefs!$A:$V,16,FALSE())) -> 0.003 | AH2: =IF($C2="","",VLOOKUP($C2,coefs!$A:$V,17,FALSE())) -> 0.799 | AI2: =IF($C2="","",VLOOKUP($C2,coefs!$A:$V,18,FALSE())) -> 1.485 | AJ2: =IF($C2="","",VLOOKUP($C2,coefs!$A:$V,19,FALSE())) -> 0.075 | AK2: =IF($C2="","",VLOOKUP($C2,coefs!$A:$V,20,FALSE())) -> 2.732 | AL2: =IF($C2="","",VLOOKUP($C2,coefs!$A:$V,21,FALSE())) -> 0.837 | AM2: =IF($C2="","",VLOOKUP($C2,coefs!$A:$V,22,FALSE())) -> 2.228
A3: ej-2 | B3: 1 | C3: Pinus nigra | D3: 25 | E3: 16 | F3: 28 | G3: 23 | H3: 900 | I3: 26 | J3: 13 | K3: 680 | L3: 1300 | M3: =IFERROR(IF(OR($C3="",$D3=""),"",IF($C3="Pinus pinaster",S3/(1+T3*EXP(-U3*$D3)),IF($C3="Quercus pyrenaica",S3*EXP(T3*EXP(-U3*$D3)),1.3+EXP(S3*EXP(-T3*$D3^(-U3)))))),"") -> 12.875875 | N3: =IFERROR(IF($C3="Pinus sylvestris",IF(OR($D3="",$E3="",$F3=""),"",1.3+EXP((V3+W3*$E3)*EXP(-(X3+Y3*$F3)*$D3^(-(Z3+AA3*$E3))))),IF($C3="Pinus nigra",IF(OR($D3="",$E3="",$F3="",$J3=""),"",1.3+EXP((V3+W3*$J3)*EXP(-(X3+Y3*$F3)*$D3^(-(Z3+AA3*$E3))))),IF($C3="Pinus pinaster",IF(OR($D3="",$E3="",$H3="",$F3=""),"",(V3+W3*$E3)/(1+(X3+Y3*$H3)*EXP(-(Z3+AA3*$F3)*$D3))),IF($C3="Quercus pyrenaica",IF(OR($D3="",$E3="",$G3="",$J3=""),"",(V3+W3*$E3)*EXP((X3+Y3*$G3)*EXP(-(Z3+AA3*$J3)*$D3))),"")))),"") -> 15.030935 | O3: =IFERROR(IF($C3="Pinus sylvestris",IF(OR($D3="",$H3="",$I3="",$J3=""),"",1.3+EXP((AB3+AC3*$H3)*EXP(-(AD3+AE3*$I3)*$D3^(-(AF3+AG3*$J3))))),IF($C3="Pinus nigra",IF(OR($D3="",$H3="",$L3="",$I3=""),"",1.3+EXP((AB3+AC3*$H3)*EXP(-(AD3+AE3*$L3)*$D3^(-(AF3+AG3*$I3))))),IF($C3="Pinus pinaster",IF(OR($D3="",$I3="",$K3=""),"",(AB3+AC3*$I3)/(1+(AD3+AE3*$K3)*EXP(-(AF3+AG3*$I3)*$D3))),IF($C3="Quercus pyrenaica",IF(OR($D3="",$L3="",$J3="",$I3=""),"",(AB3+AC3*$L3)*EXP((AD3+AE3*$J3)*EXP(-(AF3+AG3*$I3)*$D3))),"")))),"") -> 13.713165 | P3: =IFERROR(IF(OR($C3="",$D3="",$E3="",$G3=""),"",1.3+(AH3+AI3*$E3-AJ3*$G3)*EXP(-AK3/SQRT($D3))),"") -> 14.513567 | Q3: =IFERROR(IF(OR($C3="",$D3=""),"",1.3+AL3*(LN(1+$D3))^AM3),"") -> 12.114456 | S3: =IF($C3="","",VLOOKUP($C3,coefs!$A:$V,2,FALSE())) -> 3.35 | T3: =IF($C3="","",VLOOKUP($C3,coefs!$A:$V,3,FALSE())) -> 10.166 | U3: =IF($C3="","",VLOOKUP($C3,coefs!$A:$V,4,FALSE())) -> 1.081 | V3: =IF($C3="","",VLOOKUP($C3,coefs!$A:$V,5,FALSE())) -> 3.057 | W3: =IF($C3="","",VLOOKUP($C3,coefs!$A:$V,6,FALSE())) -> -0.0002 | X3: =IF($C3="","",VLOOKUP($C3,coefs!$A:$V,7,FALSE())) -> 1.584 | Y3: =IF($C3="","",VLOOKUP($C3,coefs!$A:$V,8,FALSE())) -> 0.023 | Z3: =IF($C3="","",VLOOKUP($C3,coefs!$A:$V,9,FALSE())) -> 0.079 | AA3: =IF($C3="","",VLOOKUP($C3,coefs!$A:$V,10,FALSE())) -> 0.047 | AB3: =IF($C3="","",VLOOKUP($C3,coefs!$A:$V,11,FALSE())) -> 3.039 | AC3: =IF($C3="","",VLOOKUP($C3,coefs!$A:$V,12,FALSE())) -> -0.0002 | AD3: =IF($C3="","",VLOOKUP($C3,coefs!$A:$V,13,FALSE())) -> 11.905 | AE3: =IF($C3="","",VLOOKUP($C3,coefs!$A:$V,14,FALSE())) -> -0.005 | AF3: =IF($C3="","",VLOOKUP($C3,coefs!$A:$V,15,FALSE())) -> 0.88 | AG3: =IF($C3="","",VLOOKUP($C3,coefs!$A:$V,16,FALSE())) -> 0.011 | AH3: =IF($C3="","",VLOOKUP($C3,coefs!$A:$V,17,FALSE())) -> 1.961 | AI3: =IF($C3="","",VLOOKUP($C3,coefs!$A:$V,18,FALSE())) -> 1.712 | AJ3: =IF($C3="","",VLOOKUP($C3,coefs!$A:$V,19,FALSE())) -> 0.103 | AK3: =IF($C3="","",VLOOKUP($C3,coefs!$A:$V,20,FALSE())) -> 3.57 | AL3: =IF($C3="","",VLOOKUP($C3,coefs!$A:$V,21,FALSE())) -> 0.645 | AM3: =IF($C3="","",VLOOKUP($C3,coefs!$A:$V,22,FALSE())) -> 2.387
A4: ej-3 | B4: 1 | C4: Pinus pinaster | D4: 25 | E4: 14 | F4: 27 | G4: 22 | H4: 1000 | I4: 24 | J4: 14 | K4: 650 | L4: 1000 | M4: =IFERROR(IF(OR($C4="",$D4=""),"",IF($C4="Pinus pinaster",S4/(1+T4*EXP(-U4*$D4)),IF($C4="Quercus pyrenaica",S4*EXP(T4*EXP(-U4*$D4)),1.3+EXP(S4*EXP(-T4*$D4^(-U4)))))),"") -> 10.18291 | N4: =IFERROR(IF($C4="Pinus sylvestris",IF(OR($D4="",$E4="",$F4=""),"",1.3+EXP((V4+W4*$E4)*EXP(-(X4+Y4*$F4)*$D4^(-(Z4+AA4*$E4))))),IF($C4="Pinus nigra",IF(OR($D4="",$E4="",$F4="",$J4=""),"",1.3+EXP((V4+W4*$J4)*EXP(-(X4+Y4*$F4)*$D4^(-(Z4+AA4*$E4))))),IF($C4="Pinus pinaster",IF(OR($D4="",$E4="",$H4="",$F4=""),"",(V4+W4*$E4)/(1+(X4+Y4*$H4)*EXP(-(Z4+AA4*$F4)*$D4))),IF($C4="Quercus pyrenaica",IF(OR($D4="",$E4="",$G4="",$J4=""),"",(V4+W4*$E4)*EXP((X4+Y4*$G4)*EXP(-(Z4+AA4*$J4)*$D4))),"")))),"") -> 12.042891 | O4: =IFERROR(IF($C4="Pinus sylvestris",IF(OR($D4="",$H4="",$I4="",$J4=""),"",1.3+EXP((AB4+AC4*$H4)*EXP(-(AD4+AE4*$I4)*$D4^(-(AF4+AG4*$J4))))),IF($C4="Pinus nigra",IF(OR($D4="",$H4="",$L4="",$I4=""),"",1.3+EXP((AB4+AC4*$H4)*EXP(-(AD4+AE4*$L4)*$D4^(-(AF4+AG4*$I4))))),IF($C4="Pinus pinaster",IF(OR($D4="",$I4="",$K4=""),"",(AB4+AC4*$I4)/(1+(AD4+AE4*$K4)*EXP(-(AF4+AG4*$I4)*$D4))),IF($C4="Quercus pyrenaica",IF(OR($D4="",$L4="",$J4="",$I4=""),"",(AB4+AC4*$L4)*EXP((AD4+AE4*$J4)*EXP(-(AF4+AG4*$I4)*$D4))),"")))),"") -> 10.853231 | P4: =IFERROR(IF(OR($C4="",$D4="",$E4="",$G4=""),"",1.3+(AH4+AI4*$E4-AJ4*$G4)*EXP(-AK4/SQRT($D4))),"") -> 11.908156 | Q4: =IFERROR(IF(OR($C4="",$D4=""),"",1.3+AL4*(LN(1+$D4))^AM4),"") -> 11.136529 | S4: =IF($C4="","",VLOOKUP($C4,coefs!$A:$V,2,FALSE())) -> 17.665 | T4: =IF($C4="","",VLOOKUP($C4,coefs!$A:$V,3,FALSE())) -> 4.673 | U4: =IF($C4="","",VLOOKUP($C4,coefs!$A:$V,4,FALSE())) -> 0.074 | V4: =IF($C4="","",VLOOKUP($C4,coefs!$A:$V,5,FALSE())) -> 3.013 | W4: =IF($C4="","",VLOOKUP($C4,coefs!$A:$V,6,FALSE())) -> 0.915 | X4: =IF($C4="","",VLOOKUP($C4,coefs!$A:$V,7,FALSE())) -> 2.502 | Y4: =IF($C4="","",VLOOKUP($C4,coefs!$A:$V,8,FALSE())) -> -0.0002 | Z4: =IF($C4="","",VLOOKUP($C4,coefs!$A:$V,9,FALSE())) -> 0.104 | AA4: =IF($C4="","",VLOOKUP($C4,coefs!$A:$V,10,FALSE())) -> -0.0009 | AB4: =IF($C4="","",VLOOKUP($C4,coefs!$A:$V,11,FALSE())) -> 13.976 | AC4: =IF($C4="","",VLOOKUP($C4,coefs!$A:$V,12,FALSE())) -> 0.245 | AD4: =IF($C4="","",VLOOKUP($C4,coefs!$A:$V,13,FALSE())) -> 2.874 | AE4: =IF($C4="","",VLOOKUP($C4,coefs!$A:$V,14,FALSE())) -> 0.0001 | AF4: =IF($C4="","",VLOOKUP($C4,coefs!$A:$V,15,FALSE())) -> 0.065 | AG4: =IF($C4="","",VLOOKUP($C4,coefs!$A:$V,16,FALSE())) -> -0.0006 | AH4: =IF($C4="","",VLOOKUP($C4,coefs!$A:$V,17,FALSE())) -> 4.679 | AI4: =IF($C4="","",VLOOKUP($C4,coefs!$A:$V,18,FALSE())) -> 1.718 | AJ4: =IF($C4="","",VLOOKUP($C4,coefs!$A:$V,19,FALSE())) -> 0.103 | AK4: =IF($C4="","",VLOOKUP($C4,coefs!$A:$V,20,FALSE())) -> 4.571 | AL4: =IF($C4="","",VLOOKUP($C4,coefs!$A:$V,21,FALSE())) -> 0.418 | AM4: =IF($C4="","",VLOOKUP($C4,coefs!$A:$V,22,FALSE())) -> 2.674
A5: ej-4 | B5: 1 | C5: Quercus pyrenaica | D5: 20 | E5: 11 | F5: 22 | G5: 18 | H5: 1500 | I5: 20 | J5: 15 | K5: 600 | L5: 1100 | M5: =IFERROR(IF(OR($C5="",$D5=""),"",IF($C5="Pinus pinaster",S5/(1+T5*EXP(-U5*$D5)),IF($C5="Quercus pyrenaica",S5*EXP(T5*EXP(-U5*$D5)),1.3+EXP(S5*EXP(-T5*$D5^(-U5)))))),"") -> 10.711176 | N5: =IFERROR(IF($C5="Pinus sylvestris",IF(OR($D5="",$E5="",$F5=""),"",1.3+EXP((V5+W5*$E5)*EXP(-(X5+Y5*$F5)*$D5^(-(Z5+AA5*$E5))))),IF($C5="Pinus nigra",IF(OR($D5="",$E5="",$F5="",$J5=""),"",1.3+EXP((V5+W5*$J5)*EXP(-(X5+Y5*$F5)*$D5^(-(Z5+AA5*$E5))))),IF($C5="Pinus pinaster",IF(OR($D5="",$E5="",$H5="",$F5=""),"",(V5+W5*$E5)/(1+(X5+Y5*$H5)*EXP(-(Z5+AA5*$F5)*$D5))),IF($C5="Quercus pyrenaica",IF(OR($D5="",$E5="",$G5="",$J5=""),"",(V5+W5*$E5)*EXP((X5+Y5*$G5)*EXP(-(Z5+AA5*$J5)*$D5))),"")))),"") -> 10.185977 | O5: =IFERROR(IF($C5="Pinus sylvestris",IF(OR($D5="",$H5="",$I5="",$J5=""),"",1.3+EXP((AB5+AC5*$H5)*EXP(-(AD5+AE5*$I5)*$D5^(-(AF5+AG5*$J5))))),IF($C5="Pinus nigra",IF(OR($D5="",$H5="",$L5="",$I5=""),"",1.3+EXP((AB5+AC5*$H5)*EXP(-(AD5+AE5*$L5)*$D5^(-(AF5+AG5*$I5))))),IF($C5="Pinus pinaster",IF(OR($D5="",$I5="",$K5=""),"",(AB5+AC5*$I5)/(1+(AD5+AE5*$K5)*EXP(-(AF5+AG5*$I5)*$D5))),IF($C5="Quercus pyrenaica",IF(OR($D5="",$L5="",$J5="",$I5=""),"",(AB5+AC5*$L5)*EXP((AD5+AE5*$J5)*EXP(-(AF5+AG5*$I5)*$D5))),"")))),"") -> 11.170073 | P5: =IFERROR(IF(OR($C5="",$D5="",$E5="",$G5=""),"",1.3+(AH5+AI5*$E5-AJ5*$G5)*EXP(-AK5/SQRT($D5))),"") -> 9.4146376 | Q5: =IFERROR(IF(OR($C5="",$D5=""),"",1.3+AL5*(LN(1+$D5))^AM5),"") -> 11.904476 | S5: =IF($C5="","",VLOOKUP($C5,coefs!$A:$V,2,FALSE())) -> 12.828 | T5: =IF($C5="","",VLOOKUP($C5,coefs!$A:$V,3,FALSE())) -> -1.91 | U5: =IF($C5="","",VLOOKUP($C5,coefs!$A:$V,4,FALSE())) -> 0.118 | V5: =IF($C5="","",VLOOKUP($C5,coefs!$A:$V,5,FALSE())) -> 3.125 | W5: =IF($C5="","",VLOOKUP($C5,coefs!$A:$V,6,FALSE())) -> 0.734 | X5: =IF($C5="","",VLOOKUP($C5,coefs!$A:$V,7,FALSE())) -> -0.544 | Y5: =IF($C5="","",VLOOKUP($C5,coefs!$A:$V,8,FALSE())) -> -0.081 | Z5: =IF($C5="","",VLOOKUP($C5,coefs!$A:$V,9,FALSE())) -> 0.154 | AA5: =IF($C5="","",VLOOKUP($C5,coefs!$A:$V,10,FALSE())) -> -0.0001 | AB5: =IF($C5="","",VLOOKUP($C5,coefs!$A:$V,11,FALSE())) -> 17.355 | AC5: =IF($C5="","",VLOOKUP($C5,coefs!$A:$V,12,FALSE())) -> -0.003 | AD5: =IF($C5="","",VLOOKUP($C5,coefs!$A:$V,13,FALSE())) -> -1.526 | AE5: =IF($C5="","",VLOOKUP($C5,coefs!$A:$V,14,FALSE())) -> -0.007 | AF5: =IF($C5="","",VLOOKUP($C5,coefs!$A:$V,15,FALSE())) -> 0.058 | AG5: =IF($C5="","",VLOOKUP($C5,coefs!$A:$V,16,FALSE())) -> 0.002 | AH5: =IF($C5="","",VLOOKUP($C5,coefs!$A:$V,17,FALSE())) -> 5.352 | AI5: =IF($C5="","",VLOOKUP($C5,coefs!$A:$V,18,FALSE())) -> 1.153 | AJ5: =IF($C5="","",VLOOKUP($C5,coefs!$A:$V,19,FALSE())) -> 0.093 | AK5: =IF($C5="","",VLOOKUP($C5,coefs!$A:$V,20,FALSE())) -> 3.136 | AL5: =IF($C5="","",VLOOKUP($C5,coefs!$A:$V,21,FALSE())) -> 1.296 | AM5: =IF($C5="","",VLOOKUP($C5,coefs!$A:$V,22,FALSE())) -> 1.888
M6: =IFERROR(IF(OR($C6="",$D6=""),"",IF($C6="Pinus pinaster",S6/(1+T6*EXP(-U6*$D6)),IF($C6="Quercus pyrenaica",S6*EXP(T6*EXP(-U6*$D6)),1.3+EXP(S6*EXP(-T6*$D6^(-U6)))))),"") | N6: =IFERROR(IF($C6="Pinus sylvestris",IF(OR($D6="",$E6="",$F6=""),"",1.3+EXP((V6+W6*$E6)*EXP(-(X6+Y6*$F6)*$D6^(-(Z6+AA6*$E6))))),IF($C6="Pinus nigra",IF(OR($D6="",$E6="",$F6="",$J6=""),"",1.3+EXP((V6+W6*$J6)*EXP(-(X6+Y6*$F6)*$D6^(-(Z6+AA6*$E6))))),IF($C6="Pinus pinaster",IF(OR($D6="",$E6="",$H6="",$F6=""),"",(V6+W6*$E6)/(1+(X6+Y6*$H6)*EXP(-(Z6+AA6*$F6)*$D6))),IF($C6="Quercus pyrenaica",IF(OR($D6="",$E6="",$G6="",$J6=""),"",(V6+W6*$E6)*EXP((X6+Y6*$G6)*EXP(-(Z6+AA6*$J6)*$D6))),"")))),"") | O6: =IFERROR(IF($C6="Pinus sylvestris",IF(OR($D6="",$H6="",$I6="",$J6=""),"",1.3+EXP((AB6+AC6*$H6)*EXP(-(AD6+AE6*$I6)*$D6^(-(AF6+AG6*$J6))))),IF($C6="Pinus nigra",IF(OR($D6="",$H6="",$L6="",$I6=""),"",1.3+EXP((AB6+AC6*$H6)*EXP(-(AD6+AE6*$L6)*$D6^(-(AF6+AG6*$I6))))),IF($C6="Pinus pinaster",IF(OR($D6="",$I6="",$K6=""),"",(AB6+AC6*$I6)/(1+(AD6+AE6*$K6)*EXP(-(AF6+AG6*$I6)*$D6))),IF($C6="Quercus pyrenaica",IF(OR($D6="",$L6="",$J6="",$I6=""),"",(AB6+AC6*$L6)*EXP((AD6+AE6*$J6)*EXP(-(AF6+AG6*$I6)*$D6))),"")))),"") | P6: =IFERROR(IF(OR($C6="",$D6="",$E6="",$G6=""),"",1.3+(AH6+AI6*$E6-AJ6*$G6)*EXP(-AK6/SQRT($D6))),"") | Q6: =IFERROR(IF(OR($C6="",$D6=""),"",1.3+AL6*(LN(1+$D6))^AM6),"") | S6: =IF($C6="","",VLOOKUP($C6,coefs!$A:$V,2,FALSE())) | T6: =IF($C6="","",VLOOKUP($C6,coefs!$A:$V,3,FALSE())) | U6: =IF($C6="","",VLOOKUP($C6,coefs!$A:$V,4,FALSE())) | V6: =IF($C6="","",VLOOKUP($C6,coefs!$A:$V,5,FALSE())) | W6: =IF($C6="","",VLOOKUP($C6,coefs!$A:$V,6,FALSE())) | X6: =IF($C6="","",VLOOKUP($C6,coefs!$A:$V,7,FALSE())) | Y6: =IF($C6="","",VLOOKUP($C6,coefs!$A:$V,8,FALSE())) | Z6: =IF($C6="","",VLOOKUP($C6,coefs!$A:$V,9,FALSE())) | AA6: =IF($C6="","",VLOOKUP($C6,coefs!$A:$V,10,FALSE())) | AB6: =IF($C6="","",VLOOKUP($C6,coefs!$A:$V,11,FALSE())) | AC6: =IF($C6="","",VLOOKUP($C6,coefs!$A:$V,12,FALSE())) | AD6: =IF($C6="","",VLOOKUP($C6,coefs!$A:$V,13,FALSE())) | AE6: =IF($C6="","",VLOOKUP($C6,coefs!$A:$V,14,FALSE())) | AF6: =IF($C6="","",VLOOKUP($C6,coefs!$A:$V,15,FALSE())) | AG6: =IF($C6="","",VLOOKUP($C6,coefs!$A:$V,16,FALSE())) | AH6: =IF($C6="","",VLOOKUP($C6,coefs!$A:$V,17,FALSE())) | AI6: =IF($C6="","",VLOOKUP($C6,coefs!$A:$V,18,FALSE())) | AJ6: =IF($C6="","",VLOOKUP($C6,coefs!$A:$V,19,FALSE())) | AK6: =IF($C6="","",VLOOKUP($C6,coefs!$A:$V,20,FALSE())) | AL6: =IF($C6="","",VLOOKUP($C6,coefs!$A:$V,21,FALSE())) | AM6: =IF($C6="","",VLOOKUP($C6,coefs!$A:$V,22,FALSE()))
M7: =IFERROR(IF(OR($C7="",$D7=""),"",IF($C7="Pinus pinaster",S7/(1+T7*EXP(-U7*$D7)),IF($C7="Quercus pyrenaica",S7*EXP(T7*EXP(-U7*$D7)),1.3+EXP(S7*EXP(-T7*$D7^(-U7)))))),"") | N7: =IFERROR(IF($C7="Pinus sylvestris",IF(OR($D7="",$E7="",$F7=""),"",1.3+EXP((V7+W7*$E7)*EXP(-(X7+Y7*$F7)*$D7^(-(Z7+AA7*$E7))))),IF($C7="Pinus nigra",IF(OR($D7="",$E7="",$F7="",$J7=""),"",1.3+EXP((V7+W7*$J7)*EXP(-(X7+Y7*$F7)*$D7^(-(Z7+AA7*$E7))))),IF($C7="Pinus pinaster",IF(OR($D7="",$E7="",$H7="",$F7=""),"",(V7+W7*$E7)/(1+(X7+Y7*$H7)*EXP(-(Z7+AA7*$F7)*$D7))),IF($C7="Quercus pyrenaica",IF(OR($D7="",$E7="",$G7="",$J7=""),"",(V7+W7*$E7)*EXP((X7+Y7*$G7)*EXP(-(Z7+AA7*$J7)*$D7))),"")))),"") | O7: =IFERROR(IF($C7="Pinus sylvestris",IF(OR($D7="",$H7="",$I7="",$J7=""),"",1.3+EXP((AB7+AC7*$H7)*EXP(-(AD7+AE7*$I7)*$D7^(-(AF7+AG7*$J7))))),IF($C7="Pinus nigra",IF(OR($D7="",$H7="",$L7="",$I7=""),"",1.3+EXP((AB7+AC7*$H7)*EXP(-(AD7+AE7*$L7)*$D7^(-(AF7+AG7*$I7))))),IF($C7="Pinus pinaster",IF(OR($D7="",$I7="",$K7=""),"",(AB7+AC7*$I7)/(1+(AD7+AE7*$K7)*EXP(-(AF7+AG7*$I7)*$D7))),IF($C7="Quercus pyrenaica",IF(OR($D7="",$L7="",$J7="",$I7=""),"",(AB7+AC7*$L7)*EXP((AD7+AE7*$J7)*EXP(-(AF7+AG7*$I7)*$D7))),"")))),"") | P7: =IFERROR(IF(OR($C7="",$D7="",$E7="",$G7=""),"",1.3+(AH7+AI7*$E7-AJ7*$G7)*EXP(-AK7/SQRT($D7))),"") | Q7: =IFERROR(IF(OR($C7="",$D7=""),"",1.3+AL7*(LN(1+$D7))^AM7),"") | S7: =IF($C7="","",VLOOKUP($C7,coefs!$A:$V,2,FALSE())) | T7: =IF($C7="","",VLOOKUP($C7,coefs!$A:$V,3,FALSE())) | U7: =IF($C7="","",VLOOKUP($C7,coefs!$A:$V,4,FALSE())) | V7: =IF($C7="","",VLOOKUP($C7,coefs!$A:$V,5,FALSE())) | W7: =IF($C7="","",VLOOKUP($C7,coefs!$A:$V,6,FALSE())) | X7: =IF($C7="","",VLOOKUP($C7,coefs!$A:$V,7,FALSE())) | Y7: =IF($C7="","",VLOOKUP($C7,coefs!$A:$V,8,FALSE())) | Z7: =IF($C7="","",VLOOKUP($C7,coefs!$A:$V,9,FALSE())) | AA7: =IF($C7="","",VLOOKUP($C7,coefs!$A:$V,10,FALSE())) | AB7: =IF($C7="","",VLOOKUP($C7,coefs!$A:$V,11,FALSE())) | AC7: =IF($C7="","",VLOOKUP($C7,coefs!$A:$V,12,FALSE())) | AD7: =IF($C7="","",VLOOKUP($C7,coefs!$A:$V,13,FALSE())) | AE7: =IF($C7="","",VLOOKUP($C7,coefs!$A:$V,14,FALSE())) | AF7: =IF($C7="","",VLOOKUP($C7,coefs!$A:$V,15,FALSE())) | AG7: =IF($C7="","",VLOOKUP($C7,coefs!$A:$V,16,FALSE())) | AH7: =IF($C7="","",VLOOKUP($C7,coefs!$A:$V,17,FALSE())) | AI7: =IF($C7="","",VLOOKUP($C7,coefs!$A:$V,18,FALSE())) | AJ7: =IF($C7="","",VLOOKUP($C7,coefs!$A:$V,19,FALSE())) | AK7: =IF($C7="","",VLOOKUP($C7,coefs!$A:$V,20,FALSE())) | AL7: =IF($C7="","",VLOOKUP($C7,coefs!$A:$V,21,FALSE())) | AM7: =IF($C7="","",VLOOKUP($C7,coefs!$A:$V,22,FALSE()))
M8: =IFERROR(IF(OR($C8="",$D8=""),"",IF($C8="Pinus pinaster",S8/(1+T8*EXP(-U8*$D8)),IF($C8="Quercus pyrenaica",S8*EXP(T8*EXP(-U8*$D8)),1.3+EXP(S8*EXP(-T8*$D8^(-U8)))))),"") | N8: =IFERROR(IF($C8="Pinus sylvestris",IF(OR($D8="",$E8="",$F8=""),"",1.3+EXP((V8+W8*$E8)*EXP(-(X8+Y8*$F8)*$D8^(-(Z8+AA8*$E8))))),IF($C8="Pinus nigra",IF(OR($D8="",$E8="",$F8="",$J8=""),"",1.3+EXP((V8+W8*$J8)*EXP(-(X8+Y8*$F8)*$D8^(-(Z8+AA8*$E8))))),IF($C8="Pinus pinaster",IF(OR($D8="",$E8="",$H8="",$F8=""),"",(V8+W8*$E8)/(1+(X8+Y8*$H8)*EXP(-(Z8+AA8*$F8)*$D8))),IF($C8="Quercus pyrenaica",IF(OR($D8="",$E8="",$G8="",$J8=""),"",(V8+W8*$E8)*EXP((X8+Y8*$G8)*EXP(-(Z8+AA8*$J8)*$D8))),"")))),"") | O8: =IFERROR(IF($C8="Pinus sylvestris",IF(OR($D8="",$H8="",$I8="",$J8=""),"",1.3+EXP((AB8+AC8*$H8)*EXP(-(AD8+AE8*$I8)*$D8^(-(AF8+AG8*$J8))))),IF($C8="Pinus nigra",IF(OR($D8="",$H8="",$L8="",$I8=""),"",1.3+EXP((AB8+AC8*$H8)*EXP(-(AD8+AE8*$L8)*$D8^(-(AF8+AG8*$I8))))),IF($C8="Pinus pinaster",IF(OR($D8="",$I8="",$K8=""),"",(AB8+AC8*$I8)/(1+(AD8+AE8*$K8)*EXP(-(AF8+AG8*$I8)*$D8))),IF($C8="Quercus pyrenaica",IF(OR($D8="",$L8="",$J8="",$I8=""),"",(AB8+AC8*$L8)*EXP((AD8+AE8*$J8)*EXP(-(AF8+AG8*$I8)*$D8))),"")))),"") | P8: =IFERROR(IF(OR($C8="",$D8="",$E8="",$G8=""),"",1.3+(AH8+AI8*$E8-AJ8*$G8)*EXP(-AK8/SQRT($D8))),"") | Q8: =IFERROR(IF(OR($C8="",$D8=""),"",1.3+AL8*(LN(1+$D8))^AM8),"") | S8: =IF($C8="","",VLOOKUP($C8,coefs!$A:$V,2,FALSE())) | T8: =IF($C8="","",VLOOKUP($C8,coefs!$A:$V,3,FALSE())) | U8: =IF($C8="","",VLOOKUP($C8,coefs!$A:$V,4,FALSE())) | V8: =IF($C8="","",VLOOKUP($C8,coefs!$A:$V,5,FALSE())) | W8: =IF($C8="","",VLOOKUP($C8,coefs!$A:$V,6,FALSE())) | X8: =IF($C8="","",VLOOKUP($C8,coefs!$A:$V,7,FALSE())) | Y8: =IF($C8="","",VLOOKUP($C8,coefs!$A:$V,8,FALSE())) | Z8: =IF($C8="","",VLOOKUP($C8,coefs!$A:$V,9,FALSE())) | AA8: =IF($C8="","",VLOOKUP($C8,coefs!$A:$V,10,FALSE())) | AB8: =IF($C8="","",VLOOKUP($C8,coefs!$A:$V,11,FALSE())) | AC8: =IF($C8="","",VLOOKUP($C8,coefs!$A:$V,12,FALSE())) | AD8: =IF($C8="","",VLOOKUP($C8,coefs!$A:$V,13,FALSE())) | AE8: =IF($C8="","",VLOOKUP($C8,coefs!$A:$V,14,FALSE())) | AF8: =IF($C8="","",VLOOKUP($C8,coefs!$A:$V,15,FALSE())) | AG8: =IF($C8="","",VLOOKUP($C8,coefs!$A:$V,16,FALSE())) | AH8: =IF($C8="","",VLOOKUP($C8,coefs!$A:$V,17,FALSE())) | AI8: =IF($C8="","",VLOOKUP($C8,coefs!$A:$V,18,FALSE())) | AJ8: =IF($C8="","",VLOOKUP($C8,coefs!$A:$V,19,FALSE())) | AK8: =IF($C8="","",VLOOKUP($C8,coefs!$A:$V,20,FALSE())) | AL8: =IF($C8="","",VLOOKUP($C8,coefs!$A:$V,21,FALSE())) | AM8: =IF($C8="","",VLOOKUP($C8,coefs!$A:$V,22,FALSE()))
M9: =IFERROR(IF(OR($C9="",$D9=""),"",IF($C9="Pinus pinaster",S9/(1+T9*EXP(-U9*$D9)),IF($C9="Quercus pyrenaica",S9*EXP(T9*EXP(-U9*$D9)),1.3+EXP(S9*EXP(-T9*$D9^(-U9)))))),"") | N9: =IFERROR(IF($C9="Pinus sylvestris",IF(OR($D9="",$E9="",$F9=""),"",1.3+EXP((V9+W9*$E9)*EXP(-(X9+Y9*$F9)*$D9^(-(Z9+AA9*$E9))))),IF($C9="Pinus nigra",IF(OR($D9="",$E9="",$F9="",$J9=""),"",1.3+EXP((V9+W9*$J9)*EXP(-(X9+Y9*$F9)*$D9^(-(Z9+AA9*$E9))))),IF($C9="Pinus pinaster",IF(OR($D9="",$E9="",$H9="",$F9=""),"",(V9+W9*$E9)/(1+(X9+Y9*$H9)*EXP(-(Z9+AA9*$F9)*$D9))),IF($C9="Quercus pyrenaica",IF(OR($D9="",$E9="",$G9="",$J9=""),"",(V9+W9*$E9)*EXP((X9+Y9*$G9)*EXP(-(Z9+AA9*$J9)*$D9))),"")))),"") | O9: =IFERROR(IF($C9="Pinus sylvestris",IF(OR($D9="",$H9="",$I9="",$J9=""),"",1.3+EXP((AB9+AC9*$H9)*EXP(-(AD9+AE9*$I9)*$D9^(-(AF9+AG9*$J9))))),IF($C9="Pinus nigra",IF(OR($D9="",$H9="",$L9="",$I9=""),"",1.3+EXP((AB9+AC9*$H9)*EXP(-(AD9+AE9*$L9)*$D9^(-(AF9+AG9*$I9))))),IF($C9="Pinus pinaster",IF(OR($D9="",$I9="",$K9=""),"",(AB9+AC9*$I9)/(1+(AD9+AE9*$K9)*EXP(-(AF9+AG9*$I9)*$D9))),IF($C9="Quercus pyrenaica",IF(OR($D9="",$L9="",$J9="",$I9=""),"",(AB9+AC9*$L9)*EXP((AD9+AE9*$J9)*EXP(-(AF9+AG9*$I9)*$D9))),"")))),"") | P9: =IFERROR(IF(OR($C9="",$D9="",$E9="",$G9=""),"",1.3+(AH9+AI9*$E9-AJ9*$G9)*EXP(-AK9/SQRT($D9))),"") | Q9: =IFERROR(IF(OR($C9="",$D9=""),"",1.3+AL9*(LN(1+$D9))^AM9),"") | S9: =IF($C9="","",VLOOKUP($C9,coefs!$A:$V,2,FALSE())) | T9: =IF($C9="","",VLOOKUP($C9,coefs!$A:$V,3,FALSE())) | U9: =IF($C9="","",VLOOKUP($C9,coefs!$A:$V,4,FALSE())) | V9: =IF($C9="","",VLOOKUP($C9,coefs!$A:$V,5,FALSE())) | W9: =IF($C9="","",VLOOKUP($C9,coefs!$A:$V,6,FALSE())) | X9: =IF($C9="","",VLOOKUP($C9,coefs!$A:$V,7,FALSE())) | Y9: =IF($C9="","",VLOOKUP($C9,coefs!$A:$V,8,FALSE())) | Z9: =IF($C9="","",VLOOKUP($C9,coefs!$A:$V,9,FALSE())) | AA9: =IF($C9="","",VLOOKUP($C9,coefs!$A:$V,10,FALSE())) | AB9: =IF($C9="","",VLOOKUP($C9,coefs!$A:$V,11,FALSE())) | AC9: =IF($C9="","",VLOOKUP($C9,coefs!$A:$V,12,FALSE())) | AD9: =IF($C9="","",VLOOKUP($C9,coefs!$A:$V,13,FALSE())) | AE9: =IF($C9="","",VLOOKUP($C9,coefs!$A:$V,14,FALSE())) | AF9: =IF($C9="","",VLOOKUP($C9,coefs!$A:$V,15,FALSE())) | AG9: =IF($C9="","",VLOOKUP($C9,coefs!$A:$V,16,FALSE())) | AH9: =IF($C9="","",VLOOKUP($C9,coefs!$A:$V,17,FALSE())) | AI9: =IF($C9="","",VLOOKUP($C9,coefs!$A:$V,18,FALSE())) | AJ9: =IF($C9="","",VLOOKUP($C9,coefs!$A:$V,19,FALSE())) | AK9: =IF($C9="","",VLOOKUP($C9,coefs!$A:$V,20,FALSE())) | AL9: =IF($C9="","",VLOOKUP($C9,coefs!$A:$V,21,FALSE())) | AM9: =IF($C9="","",VLOOKUP($C9,coefs!$A:$V,22,FALSE()))
M10: =IFERROR(IF(OR($C10="",$D10=""),"",IF($C10="Pinus pinaster",S10/(1+T10*EXP(-U10*$D10)),IF($C10="Quercus pyrenaica",S10*EXP(T10*EXP(-U10*$D10)),1.3+EXP(S10*EXP(-T10*$D10^(-U10)))))),"") | N10: =IFERROR(IF($C10="Pinus sylvestris",IF(OR($D10="",$E10="",$F10=""),"",1.3+EXP((V10+W10*$E10)*EXP(-(X10+Y10*$F10)*$D10^(-(Z10+AA10*$E10))))),IF($C10="Pinus nigra",IF(OR($D10="",$E10="",$F10="",$J10=""),"",1.3+EXP((V10+W10*$J10)*EXP(-(X10+Y10*$F10)*$D10^(-(Z10+AA10*$E10))))),IF($C10="Pinus pinaster",IF(OR($D10="",$E10="",$H10="",$F10=""),"",(V10+W10*$E10)/(1+(X10+Y10*$H10)*EXP(-(Z10+AA10*$F10)*$D10))),IF($C10="Quercus pyrenaica",IF(OR($D10="",$E10="",$G10="",$J10=""),"",(V10+W10*$E10)*EXP((X10+Y10*$G10)*EXP(-(Z10+AA10*$J10)*$D10))),"")))),"") | O10: =IFERROR(IF($C10="Pinus sylvestris",IF(OR($D10="",$H10="",$I10="",$J10=""),"",1.3+EXP((AB10+AC10*$H10)*EXP(-(AD10+AE10*$I10)*$D10^(-(AF10+AG10*$J10))))),IF($C10="Pinus nigra",IF(OR($D10="",$H10="",$L10="",$I10=""),"",1.3+EXP((AB10+AC10*$H10)*EXP(-(AD10+AE10*$L10)*$D10^(-(AF10+AG10*$I10))))),IF($C10="Pinus pinaster",IF(OR($D10="",$I10="",$K10=""),"",(AB10+AC10*$I10)/(1+(AD10+AE10*$K10)*EXP(-(AF10+AG10*$I10)*$D10))),IF($C10="Quercus pyrenaica",IF(OR($D10="",$L10="",$J10="",$I10=""),"",(AB10+AC10*$L10)*EXP((AD10+AE10*$J10)*EXP(-(AF10+AG10*$I10)*$D10))),"")))),"") | P10: =IFERROR(IF(OR($C10="",$D10="",$E10="",$G10=""),"",1.3+(AH10+AI10*$E10-AJ10*$G10)*EXP(-AK10/SQRT($D10))),"") | Q10: =IFERROR(IF(OR($C10="",$D10=""),"",1.3+AL10*(LN(1+$D10))^AM10),"") | S10: =IF($C10="","",VLOOKUP($C10,coefs!$A:$V,2,FALSE())) | T10: =IF($C10="","",VLOOKUP($C10,coefs!$A:$V,3,FALSE())) | U10: =IF($C10="","",VLOOKUP($C10,coefs!$A:$V,4,FALSE())) | V10: =IF($C10="","",VLOOKUP($C10,coefs!$A:$V,5,FALSE())) | W10: =IF($C10="","",VLOOKUP($C10,coefs!$A:$V,6,FALSE())) | X10: =IF($C10="","",VLOOKUP($C10,coefs!$A:$V,7,FALSE())) | Y10: =IF($C10="","",VLOOKUP($C10,coefs!$A:$V,8,FALSE())) | Z10: =IF($C10="","",VLOOKUP($C10,coefs!$A:$V,9,FALSE())) | AA10: =IF($C10="","",VLOOKUP($C10,coefs!$A:$V,10,FALSE())) | AB10: =IF($C10="","",VLOOKUP($C10,coefs!$A:$V,11,FALSE())) | AC10: =IF($C10="","",VLOOKUP($C10,coefs!$A:$V,12,FALSE())) | AD10: =IF($C10="","",VLOOKUP($C10,coefs!$A:$V,13,FALSE())) | AE10: =IF($C10="","",VLOOKUP($C10,coefs!$A:$V,14,FALSE())) | AF10: =IF($C10="","",VLOOKUP($C10,coefs!$A:$V,15,FALSE())) | AG10: =IF($C10="","",VLOOKUP($C10,coefs!$A:$V,16,FALSE())) | AH10: =IF($C10="","",VLOOKUP($C10,coefs!$A:$V,17,FALSE())) | AI10: =IF($C10="","",VLOOKUP($C10,coefs!$A:$V,18,FALSE())) | AJ10: =IF($C10="","",VLOOKUP($C10,coefs!$A:$V,19,FALSE())) | AK10: =IF($C10="","",VLOOKUP($C10,coefs!$A:$V,20,FALSE())) | AL10: =IF($C10="","",VLOOKUP($C10,coefs!$A:$V,21,FALSE())) | AM10: =IF($C10="","",VLOOKUP($C10,coefs!$A:$V,22,FALSE()))
M11: =IFERROR(IF(OR($C11="",$D11=""),"",IF($C11="Pinus pinaster",S11/(1+T11*EXP(-U11*$D11)),IF($C11="Quercus pyrenaica",S11*EXP(T11*EXP(-U11*$D11)),1.3+EXP(S11*EXP(-T11*$D11^(-U11)))))),"") | N11: =IFERROR(IF($C11="Pinus sylvestris",IF(OR($D11="",$E11="",$F11=""),"",1.3+EXP((V11+W11*$E11)*EXP(-(X11+Y11*$F11)*$D11^(-(Z11+AA11*$E11))))),IF($C11="Pinus nigra",IF(OR($D11="",$E11="",$F11="",$J11=""),"",1.3+EXP((V11+W11*$J11)*EXP(-(X11+Y11*$F11)*$D11^(-(Z11+AA11*$E11))))),IF($C11="Pinus pinaster",IF(OR($D11="",$E11="",$H11="",$F11=""),"",(V11+W11*$E11)/(1+(X11+Y11*$H11)*EXP(-(Z11+AA11*$F11)*$D11))),IF($C11="Quercus pyrenaica",IF(OR($D11="",$E11="",$G11="",$J11=""),"",(V11+W11*$E11)*EXP((X11+Y11*$G11)*EXP(-(Z11+AA11*$J11)*$D11))),"")))),"") | O11: =IFERROR(IF($C11="Pinus sylvestris",IF(OR($D11="",$H11="",$I11="",$J11=""),"",1.3+EXP((AB11+AC11*$H11)*EXP(-(AD11+AE11*$I11)*$D11^(-(AF11+AG11*$J11))))),IF($C11="Pinus nigra",IF(OR($D11="",$H11="",$L11="",$I11=""),"",1.3+EXP((AB11+AC11*$H11)*EXP(-(AD11+AE11*$L11)*$D11^(-(AF11+AG11*$I11))))),IF($C11="Pinus pinaster",IF(OR($D11="",$I11="",$K11=""),"",(AB11+AC11*$I11)/(1+(AD11+AE11*$K11)*EXP(-(AF11+AG11*$I11)*$D11))),IF($C11="Quercus pyrenaica",IF(OR($D11="",$L11="",$J11="",$I11=""),"",(AB11+AC11*$L11)*EXP((AD11+AE11*$J11)*EXP(-(AF11+AG11*$I11)*$D11))),"")))),"") | P11: =IFERROR(IF(OR($C11="",$D11="",$E11="",$G11=""),"",1.3+(AH11+AI11*$E11-AJ11*$G11)*EXP(-AK11/SQRT($D11))),"") | Q11: =IFERROR(IF(OR($C11="",$D11=""),"",1.3+AL11*(LN(1+$D11))^AM11),"") | S11: =IF($C11="","",VLOOKUP($C11,coefs!$A:$V,2,FALSE())) | T11: =IF($C11="","",VLOOKUP($C11,coefs!$A:$V,3,FALSE())) | U11: =IF($C11="","",VLOOKUP($C11,coefs!$A:$V,4,FALSE())) | V11: =IF($C11="","",VLOOKUP($C11,coefs!$A:$V,5,FALSE())) | W11: =IF($C11="","",VLOOKUP($C11,coefs!$A:$V,6,FALSE())) | X11: =IF($C11="","",VLOOKUP($C11,coefs!$A:$V,7,FALSE())) | Y11: =IF($C11="","",VLOOKUP($C11,coefs!$A:$V,8,FALSE())) | Z11: =IF($C11="","",VLOOKUP($C11,coefs!$A:$V,9,FALSE())) | AA11: =IF($C11="","",VLOOKUP($C11,coefs!$A:$V,10,FALSE())) | AB11: =IF($C11="","",VLOOKUP($C11,coefs!$A:$V,11,FALSE())) | AC11: =IF($C11="","",VLOOKUP($C11,coefs!$A:$V,12,FALSE())) | AD11: =IF($C11="","",VLOOKUP($C11,coefs!$A:$V,13,FALSE())) | AE11: =IF($C11="","",VLOOKUP($C11,coefs!$A:$V,14,FALSE())) | AF11: =IF($C11="","",VLOOKUP($C11,coefs!$A:$V,15,FALSE())) | AG11: =IF($C11="","",VLOOKUP($C11,coefs!$A:$V,16,FALSE())) | AH11: =IF($C11="","",VLOOKUP($C11,coefs!$A:$V,17,FALSE())) | AI11: =IF($C11="","",VLOOKUP($C11,coefs!$A:$V,18,FALSE())) | AJ11: =IF($C11="","",VLOOKUP($C11,coefs!$A:$V,19,FALSE())) | AK11: =IF($C11="","",VLOOKUP($C11,coefs!$A:$V,20,FALSE())) | AL11: =IF($C11="","",VLOOKUP($C11,coefs!$A:$V,21,FALSE())) | AM11: =IF($C11="","",VLOOKUP($C11,coefs!$A:$V,22,FALSE()))
M12: =IFERROR(IF(OR($C12="",$D12=""),"",IF($C12="Pinus pinaster",S12/(1+T12*EXP(-U12*$D12)),IF($C12="Quercus pyrenaica",S12*EXP(T12*EXP(-U12*$D12)),1.3+EXP(S12*EXP(-T12*$D12^(-U12)))))),"") | N12: =IFERROR(IF($C12="Pinus sylvestris",IF(OR($D12="",$E12="",$F12=""),"",1.3+EXP((V12+W12*$E12)*EXP(-(X12+Y12*$F12)*$D12^(-(Z12+AA12*$E12))))),IF($C12="Pinus nigra",IF(OR($D12="",$E12="",$F12="",$J12=""),"",1.3+EXP((V12+W12*$J12)*EXP(-(X12+Y12*$F12)*$D12^(-(Z12+AA12*$E12))))),IF($C12="Pinus pinaster",IF(OR($D12="",$E12="",$H12="",$F12=""),"",(V12+W12*$E12)/(1+(X12+Y12*$H12)*EXP(-(Z12+AA12*$F12)*$D12))),IF($C12="Quercus pyrenaica",IF(OR($D12="",$E12="",$G12="",$J12=""),"",(V12+W12*$E12)*EXP((X12+Y12*$G12)*EXP(-(Z12+AA12*$J12)*$D12))),"")))),"") | O12: =IFERROR(IF($C12="Pinus sylvestris",IF(OR($D12="",$H12="",$I12="",$J12=""),"",1.3+EXP((AB12+AC12*$H12)*EXP(-(AD12+AE12*$I12)*$D12^(-(AF12+AG12*$J12))))),IF($C12="Pinus nigra",IF(OR($D12="",$H12="",$L12="",$I12=""),"",1.3+EXP((AB12+AC12*$H12)*EXP(-(AD12+AE12*$L12)*$D12^(-(AF12+AG12*$I12))))),IF($C12="Pinus pinaster",IF(OR($D12="",$I12="",$K12=""),"",(AB12+AC12*$I12)/(1+(AD12+AE12*$K12)*EXP(-(AF12+AG12*$I12)*$D12))),IF($C12="Quercus pyrenaica",IF(OR($D12="",$L12="",$J12="",$I12=""),"",(AB12+AC12*$L12)*EXP((AD12+AE12*$J12)*EXP(-(AF12+AG12*$I12)*$D12))),"")))),"") | P12: =IFERROR(IF(OR($C12="",$D12="",$E12="",$G12=""),"",1.3+(AH12+AI12*$E12-AJ12*$G12)*EXP(-AK12/SQRT($D12))),"") | Q12: =IFERROR(IF(OR($C12="",$D12=""),"",1.3+AL12*(LN(1+$D12))^AM12),"") | S12: =IF($C12="","",VLOOKUP($C12,coefs!$A:$V,2,FALSE())) | T12: =IF($C12="","",VLOOKUP($C12,coefs!$A:$V,3,FALSE())) | U12: =IF($C12="","",VLOOKUP($C12,coefs!$A:$V,4,FALSE())) | V12: =IF($C12="","",VLOOKUP($C12,coefs!$A:$V,5,FALSE())) | W12: =IF($C12="","",VLOOKUP($C12,coefs!$A:$V,6,FALSE())) | X12: =IF($C12="","",VLOOKUP($C12,coefs!$A:$V,7,FALSE())) | Y12: =IF($C12="","",VLOOKUP($C12,coefs!$A:$V,8,FALSE())) | Z12: =IF($C12="","",VLOOKUP($C12,coefs!$A:$V,9,FALSE())) | AA12: =IF($C12="","",VLOOKUP($C12,coefs!$A:$V,10,FALSE())) | AB12: =IF($C12="","",VLOOKUP($C12,coefs!$A:$V,11,FALSE())) | AC12: =IF($C12="","",VLOOKUP($C12,coefs!$A:$V,12,FALSE())) | AD12: =IF($C12="","",VLOOKUP($C12,coefs!$A:$V,13,FALSE())) | AE12: =IF($C12="","",VLOOKUP($C12,coefs!$A:$V,14,FALSE())) | AF12: =IF($C12="","",VLOOKUP($C12,coefs!$A:$V,15,FALSE())) | AG12: =IF($C12="","",VLOOKUP($C12,coefs!$A:$V,16,FALSE())) | AH12: =IF($C12="","",VLOOKUP($C12,coefs!$A:$V,17,FALSE())) | AI12: =IF($C12="","",VLOOKUP($C12,coefs!$A:$V,18,FALSE())) | AJ12: =IF($C12="","",VLOOKUP($C12,coefs!$A:$V,19,FALSE())) | AK12: =IF($C12="","",VLOOKUP($C12,coefs!$A:$V,20,FALSE())) | AL12: =IF($C12="","",VLOOKUP($C12,coefs!$A:$V,21,FALSE())) | AM12: =IF($C12="","",VLOOKUP($C12,coefs!$A:$V,22,FALSE()))
M13: =IFERROR(IF(OR($C13="",$D13=""),"",IF($C13="Pinus pinaster",S13/(1+T13*EXP(-U13*$D13)),IF($C13="Quercus pyrenaica",S13*EXP(T13*EXP(-U13*$D13)),1.3+EXP(S13*EXP(-T13*$D13^(-U13)))))),"") | N13: =IFERROR(IF($C13="Pinus sylvestris",IF(OR($D13="",$E13="",$F13=""),"",1.3+EXP((V13+W13*$E13)*EXP(-(X13+Y13*$F13)*$D13^(-(Z13+AA13*$E13))))),IF($C13="Pinus nigra",IF(OR($D13="",$E13="",$F13="",$J13=""),"",1.3+EXP((V13+W13*$J13)*EXP(-(X13+Y13*$F13)*$D13^(-(Z13+AA13*$E13))))),IF($C13="Pinus pinaster",IF(OR($D13="",$E13="",$H13="",$F13=""),"",(V13+W13*$E13)/(1+(X13+Y13*$H13)*EXP(-(Z13+AA13*$F13)*$D13))),IF($C13="Quercus pyrenaica",IF(OR($D13="",$E13="",$G13="",$J13=""),"",(V13+W13*$E13)*EXP((X13+Y13*$G13)*EXP(-(Z13+AA13*$J13)*$D13))),"")))),"") | O13: =IFERROR(IF($C13="Pinus sylvestris",IF(OR($D13="",$H13="",$I13="",$J13=""),"",1.3+EXP((AB13+AC13*$H13)*EXP(-(AD13+AE13*$I13)*$D13^(-(AF13+AG13*$J13))))),IF($C13="Pinus nigra",IF(OR($D13="",$H13="",$L13="",$I13=""),"",1.3+EXP((AB13+AC13*$H13)*EXP(-(AD13+AE13*$L13)*$D13^(-(AF13+AG13*$I13))))),IF($C13="Pinus pinaster",IF(OR($D13="",$I13="",$K13=""),"",(AB13+AC13*$I13)/(1+(AD13+AE13*$K13)*EXP(-(AF13+AG13*$I13)*$D13))),IF($C13="Quercus pyrenaica",IF(OR($D13="",$L13="",$J13="",$I13=""),"",(AB13+AC13*$L13)*EXP((AD13+AE13*$J13)*EXP(-(AF13+AG13*$I13)*$D13))),"")))),"") | P13: =IFERROR(IF(OR($C13="",$D13="",$E13="",$G13=""),"",1.3+(AH13+AI13*$E13-AJ13*$G13)*EXP(-AK13/SQRT($D13))),"") | Q13: =IFERROR(IF(OR($C13="",$D13=""),"",1.3+AL13*(LN(1+$D13))^AM13),"") | S13: =IF($C13="","",VLOOKUP($C13,coefs!$A:$V,2,FALSE())) | T13: =IF($C13="","",VLOOKUP($C13,coefs!$A:$V,3,FALSE())) | U13: =IF($C13="","",VLOOKUP($C13,coefs!$A:$V,4,FALSE())) | V13: =IF($C13="","",VLOOKUP($C13,coefs!$A:$V,5,FALSE())) | W13: =IF($C13="","",VLOOKUP($C13,coefs!$A:$V,6,FALSE())) | X13: =IF($C13="","",VLOOKUP($C13,coefs!$A:$V,7,FALSE())) | Y13: =IF($C13="","",VLOOKUP($C13,coefs!$A:$V,8,FALSE())) | Z13: =IF($C13="","",VLOOKUP($C13,coefs!$A:$V,9,FALSE())) | AA13: =IF($C13="","",VLOOKUP($C13,coefs!$A:$V,10,FALSE())) | AB13: =IF($C13="","",VLOOKUP($C13,coefs!$A:$V,11,FALSE())) | AC13: =IF($C13="","",VLOOKUP($C13,coefs!$A:$V,12,FALSE())) | AD13: =IF($C13="","",VLOOKUP($C13,coefs!$A:$V,13,FALSE())) | AE13: =IF($C13="","",VLOOKUP($C13,coefs!$A:$V,14,FALSE())) | AF13: =IF($C13="","",VLOOKUP($C13,coefs!$A:$V,15,FALSE())) | AG13: =IF($C13="","",VLOOKUP($C13,coefs!$A:$V,16,FALSE())) | AH13: =IF($C13="","",VLOOKUP($C13,coefs!$A:$V,17,FALSE())) | AI13: =IF($C13="","",VLOOKUP($C13,coefs!$A:$V,18,FALSE())) | AJ13: =IF($C13="","",VLOOKUP($C13,coefs!$A:$V,19,FALSE())) | AK13: =IF($C13="","",VLOOKUP($C13,coefs!$A:$V,20,FALSE())) | AL13: =IF($C13="","",VLOOKUP($C13,coefs!$A:$V,21,FALSE())) | AM13: =IF($C13="","",VLOOKUP($C13,coefs!$A:$V,22,FALSE()))
M14: =IFERROR(IF(OR($C14="",$D14=""),"",IF($C14="Pinus pinaster",S14/(1+T14*EXP(-U14*$D14)),IF($C14="Quercus pyrenaica",S14*EXP(T14*EXP(-U14*$D14)),1.3+EXP(S14*EXP(-T14*$D14^(-U14)))))),"") | N14: =IFERROR(IF($C14="Pinus sylvestris",IF(OR($D14="",$E14="",$F14=""),"",1.3+EXP((V14+W14*$E14)*EXP(-(X14+Y14*$F14)*$D14^(-(Z14+AA14*$E14))))),IF($C14="Pinus nigra",IF(OR($D14="",$E14="",$F14="",$J14=""),"",1.3+EXP((V14+W14*$J14)*EXP(-(X14+Y14*$F14)*$D14^(-(Z14+AA14*$E14))))),IF($C14="Pinus pinaster",IF(OR($D14="",$E14="",$H14="",$F14=""),"",(V14+W14*$E14)/(1+(X14+Y14*$H14)*EXP(-(Z14+AA14*$F14)*$D14))),IF($C14="Quercus pyrenaica",IF(OR($D14="",$E14="",$G14="",$J14=""),"",(V14+W14*$E14)*EXP((X14+Y14*$G14)*EXP(-(Z14+AA14*$J14)*$D14))),"")))),"") | O14: =IFERROR(IF($C14="Pinus sylvestris",IF(OR($D14="",$H14="",$I14="",$J14=""),"",1.3+EXP((AB14+AC14*$H14)*EXP(-(AD14+AE14*$I14)*$D14^(-(AF14+AG14*$J14))))),IF($C14="Pinus nigra",IF(OR($D14="",$H14="",$L14="",$I14=""),"",1.3+EXP((AB14+AC14*$H14)*EXP(-(AD14+AE14*$L14)*$D14^(-(AF14+AG14*$I14))))),IF($C14="Pinus pinaster",IF(OR($D14="",$I14="",$K14=""),"",(AB14+AC14*$I14)/(1+(AD14+AE14*$K14)*EXP(-(AF14+AG14*$I14)*$D14))),IF($C14="Quercus pyrenaica",IF(OR($D14="",$L14="",$J14="",$I14=""),"",(AB14+AC14*$L14)*EXP((AD14+AE14*$J14)*EXP(-(AF14+AG14*$I14)*$D14))),"")))),"") | P14: =IFERROR(IF(OR($C14="",$D14="",$E14="",$G14=""),"",1.3+(AH14+AI14*$E14-AJ14*$G14)*EXP(-AK14/SQRT($D14))),"") | Q14: =IFERROR(IF(OR($C14="",$D14=""),"",1.3+AL14*(LN(1+$D14))^AM14),"") | S14: =IF($C14="","",VLOOKUP($C14,coefs!$A:$V,2,FALSE())) | T14: =IF($C14="","",VLOOKUP($C14,coefs!$A:$V,3,FALSE())) | U14: =IF($C14="","",VLOOKUP($C14,coefs!$A:$V,4,FALSE())) | V14: =IF($C14="","",VLOOKUP($C14,coefs!$A:$V,5,FALSE())) | W14: =IF($C14="","",VLOOKUP($C14,coefs!$A:$V,6,FALSE())) | X14: =IF($C14="","",VLOOKUP($C14,coefs!$A:$V,7,FALSE())) | Y14: =IF($C14="","",VLOOKUP($C14,coefs!$A:$V,8,FALSE())) | Z14: =IF($C14="","",VLOOKUP($C14,coefs!$A:$V,9,FALSE())) | AA14: =IF($C14="","",VLOOKUP($C14,coefs!$A:$V,10,FALSE())) | AB14: =IF($C14="","",VLOOKUP($C14,coefs!$A:$V,11,FALSE())) | AC14: =IF($C14="","",VLOOKUP($C14,coefs!$A:$V,12,FALSE())) | AD14: =IF($C14="","",VLOOKUP($C14,coefs!$A:$V,13,FALSE())) | AE14: =IF($C14="","",VLOOKUP($C14,coefs!$A:$V,14,FALSE())) | AF14: =IF($C14="","",VLOOKUP($C14,coefs!$A:$V,15,FALSE())) | AG14: =IF($C14="","",VLOOKUP($C14,coefs!$A:$V,16,FALSE())) | AH14: =IF($C14="","",VLOOKUP($C14,coefs!$A:$V,17,FALSE())) | AI14: =IF($C14="","",VLOOKUP($C14,coefs!$A:$V,18,FALSE())) | AJ14: =IF($C14="","",VLOOKUP($C14,coefs!$A:$V,19,FALSE())) | AK14: =IF($C14="","",VLOOKUP($C14,coefs!$A:$V,20,FALSE())) | AL14: =IF($C14="","",VLOOKUP($C14,coefs!$A:$V,21,FALSE())) | AM14: =IF($C14="","",VLOOKUP($C14,coefs!$A:$V,22,FALSE()))
M15: =IFERROR(IF(OR($C15="",$D15=""),"",IF($C15="Pinus pinaster",S15/(1+T15*EXP(-U15*$D15)),IF($C15="Quercus pyrenaica",S15*EXP(T15*EXP(-U15*$D15)),1.3+EXP(S15*EXP(-T15*$D15^(-U15)))))),"") | N15: =IFERROR(IF($C15="Pinus sylvestris",IF(OR($D15="",$E15="",$F15=""),"",1.3+EXP((V15+W15*$E15)*EXP(-(X15+Y15*$F15)*$D15^(-(Z15+AA15*$E15))))),IF($C15="Pinus nigra",IF(OR($D15="",$E15="",$F15="",$J15=""),"",1.3+EXP((V15+W15*$J15)*EXP(-(X15+Y15*$F15)*$D15^(-(Z15+AA15*$E15))))),IF($C15="Pinus pinaster",IF(OR($D15="",$E15="",$H15="",$F15=""),"",(V15+W15*$E15)/(1+(X15+Y15*$H15)*EXP(-(Z15+AA15*$F15)*$D15))),IF($C15="Quercus pyrenaica",IF(OR($D15="",$E15="",$G15="",$J15=""),"",(V15+W15*$E15)*EXP((X15+Y15*$G15)*EXP(-(Z15+AA15*$J15)*$D15))),"")))),"") | O15: =IFERROR(IF($C15="Pinus sylvestris",IF(OR($D15="",$H15="",$I15="",$J15=""),"",1.3+EXP((AB15+AC15*$H15)*EXP(-(AD15+AE15*$I15)*$D15^(-(AF15+AG15*$J15))))),IF($C15="Pinus nigra",IF(OR($D15="",$H15="",$L15="",$I15=""),"",1.3+EXP((AB15+AC15*$H15)*EXP(-(AD15+AE15*$L15)*$D15^(-(AF15+AG15*$I15))))),IF($C15="Pinus pinaster",IF(OR($D15="",$I15="",$K15=""),"",(AB15+AC15*$I15)/(1+(AD15+AE15*$K15)*EXP(-(AF15+AG15*$I15)*$D15))),IF($C15="Quercus pyrenaica",IF(OR($D15="",$L15="",$J15="",$I15=""),"",(AB15+AC15*$L15)*EXP((AD15+AE15*$J15)*EXP(-(AF15+AG15*$I15)*$D15))),"")))),"") | P15: =IFERROR(IF(OR($C15="",$D15="",$E15="",$G15=""),"",1.3+(AH15+AI15*$E15-AJ15*$G15)*EXP(-AK15/SQRT($D15))),"") | Q15: =IFERROR(IF(OR($C15="",$D15=""),"",1.3+AL15*(LN(1+$D15))^AM15),"") | S15: =IF($C15="","",VLOOKUP($C15,coefs!$A:$V,2,FALSE())) | T15: =IF($C15="","",VLOOKUP($C15,coefs!$A:$V,3,FALSE())) | U15: =IF($C15="","",VLOOKUP($C15,coefs!$A:$V,4,FALSE())) | V15: =IF($C15="","",VLOOKUP($C15,coefs!$A:$V,5,FALSE())) | W15: =IF($C15="","",VLOOKUP($C15,coefs!$A:$V,6,FALSE())) | X15: =IF($C15="","",VLOOKUP($C15,coefs!$A:$V,7,FALSE())) | Y15: =IF($C15="","",VLOOKUP($C15,coefs!$A:$V,8,FALSE())) | Z15: =IF($C15="","",VLOOKUP($C15,coefs!$A:$V,9,FALSE())) | AA15: =IF($C15="","",VLOOKUP($C15,coefs!$A:$V,10,FALSE())) | AB15: =IF($C15="","",VLOOKUP($C15,coefs!$A:$V,11,FALSE())) | AC15: =IF($C15="","",VLOOKUP($C15,coefs!$A:$V,12,FALSE())) | AD15: =IF($C15="","",VLOOKUP($C15,coefs!$A:$V,13,FALSE())) | AE15: =IF($C15="","",VLOOKUP($C15,coefs!$A:$V,14,FALSE())) | AF15: =IF($C15="","",VLOOKUP($C15,coefs!$A:$V,15,FALSE())) | AG15: =IF($C15="","",VLOOKUP($C15,coefs!$A:$V,16,FALSE())) | AH15: =IF($C15="","",VLOOKUP($C15,coefs!$A:$V,17,FALSE())) | AI15: =IF($C15="","",VLOOKUP($C15,coefs!$A:$V,18,FALSE())) | AJ15: =IF($C15="","",VLOOKUP($C15,coefs!$A:$V,19,FALSE())) | AK15: =IF($C15="","",VLOOKUP($C15,coefs!$A:$V,20,FALSE())) | AL15: =IF($C15="","",VLOOKUP($C15,coefs!$A:$V,21,FALSE())) | AM15: =IF($C15="","",VLOOKUP($C15,coefs!$A:$V,22,FALSE()))
M16: =IFERROR(IF(OR($C16="",$D16=""),"",IF($C16="Pinus pinaster",S16/(1+T16*EXP(-U16*$D16)),IF($C16="Quercus pyrenaica",S16*EXP(T16*EXP(-U16*$D16)),1.3+EXP(S16*EXP(-T16*$D16^(-U16)))))),"") | N16: =IFERROR(IF($C16="Pinus sylvestris",IF(OR($D16="",$E16="",$F16=""),"",1.3+EXP((V16+W16*$E16)*EXP(-(X16+Y16*$F16)*$D16^(-(Z16+AA16*$E16))))),IF($C16="Pinus nigra",IF(OR($D16="",$E16="",$F16="",$J16=""),"",1.3+EXP((V16+W16*$J16)*EXP(-(X16+Y16*$F16)*$D16^(-(Z16+AA16*$E16))))),IF($C16="Pinus pinaster",IF(OR($D16="",$E16="",$H16="",$F16=""),"",(V16+W16*$E16)/(1+(X16+Y16*$H16)*EXP(-(Z16+AA16*$F16)*$D16))),IF($C16="Quercus pyrenaica",IF(OR($D16="",$E16="",$G16="",$J16=""),"",(V16+W16*$E16)*EXP((X16+Y16*$G16)*EXP(-(Z16+AA16*$J16)*$D16))),"")))),"") | O16: =IFERROR(IF($C16="Pinus sylvestris",IF(OR($D16="",$H16="",$I16="",$J16=""),"",1.3+EXP((AB16+AC16*$H16)*EXP(-(AD16+AE16*$I16)*$D16^(-(AF16+AG16*$J16))))),IF($C16="Pinus nigra",IF(OR($D16="",$H16="",$L16="",$I16=""),"",1.3+EXP((AB16+AC16*$H16)*EXP(-(AD16+AE16*$L16)*$D16^(-(AF16+AG16*$I16))))),IF($C16="Pinus pinaster",IF(OR($D16="",$I16="",$K16=""),"",(AB16+AC16*$I16)/(1+(AD16+AE16*$K16)*EXP(-(AF16+AG16*$I16)*$D16))),IF($C16="Quercus pyrenaica",IF(OR($D16="",$L16="",$J16="",$I16=""),"",(AB16+AC16*$L16)*EXP((AD16+AE16*$J16)*EXP(-(AF16+AG16*$I16)*$D16))),"")))),"") | P16: =IFERROR(IF(OR($C16="",$D16="",$E16="",$G16=""),"",1.3+(AH16+AI16*$E16-AJ16*$G16)*EXP(-AK16/SQRT($D16))),"") | Q16: =IFERROR(IF(OR($C16="",$D16=""),"",1.3+AL16*(LN(1+$D16))^AM16),"") | S16: =IF($C16="","",VLOOKUP($C16,coefs!$A:$V,2,FALSE())) | T16: =IF($C16="","",VLOOKUP($C16,coefs!$A:$V,3,FALSE())) | U16: =IF($C16="","",VLOOKUP($C16,coefs!$A:$V,4,FALSE())) | V16: =IF($C16="","",VLOOKUP($C16,coefs!$A:$V,5,FALSE())) | W16: =IF($C16="","",VLOOKUP($C16,coefs!$A:$V,6,FALSE())) | X16: =IF($C16="","",VLOOKUP($C16,coefs!$A:$V,7,FALSE())) | Y16: =IF($C16="","",VLOOKUP($C16,coefs!$A:$V,8,FALSE())) | Z16: =IF($C16="","",VLOOKUP($C16,coefs!$A:$V,9,FALSE())) | AA16: =IF($C16="","",VLOOKUP($C16,coefs!$A:$V,10,FALSE())) | AB16: =IF($C16="","",VLOOKUP($C16,coefs!$A:$V,11,FALSE())) | AC16: =IF($C16="","",VLOOKUP($C16,coefs!$A:$V,12,FALSE())) | AD16: =IF($C16="","",VLOOKUP($C16,coefs!$A:$V,13,FALSE())) | AE16: =IF($C16="","",VLOOKUP($C16,coefs!$A:$V,14,FALSE())) | AF16: =IF($C16="","",VLOOKUP($C16,coefs!$A:$V,15,FALSE())) | AG16: =IF($C16="","",VLOOKUP($C16,coefs!$A:$V,16,FALSE())) | AH16: =IF($C16="","",VLOOKUP($C16,coefs!$A:$V,17,FALSE())) | AI16: =IF($C16="","",VLOOKUP($C16,coefs!$A:$V,18,FALSE())) | AJ16: =IF($C16="","",VLOOKUP($C16,coefs!$A:$V,19,FALSE())) | AK16: =IF($C16="","",VLOOKUP($C16,coefs!$A:$V,20,FALSE())) | AL16: =IF($C16="","",VLOOKUP($C16,coefs!$A:$V,21,FALSE())) | AM16: =IF($C16="","",VLOOKUP($C16,coefs!$A:$V,22,FALSE()))
M17: =IFERROR(IF(OR($C17="",$D17=""),"",IF($C17="Pinus pinaster",S17/(1+T17*EXP(-U17*$D17)),IF($C17="Quercus pyrenaica",S17*EXP(T17*EXP(-U17*$D17)),1.3+EXP(S17*EXP(-T17*$D17^(-U17)))))),"") | N17: =IFERROR(IF($C17="Pinus sylvestris",IF(OR($D17="",$E17="",$F17=""),"",1.3+EXP((V17+W17*$E17)*EXP(-(X17+Y17*$F17)*$D17^(-(Z17+AA17*$E17))))),IF($C17="Pinus nigra",IF(OR($D17="",$E17="",$F17="",$J17=""),"",1.3+EXP((V17+W17*$J17)*EXP(-(X17+Y17*$F17)*$D17^(-(Z17+AA17*$E17))))),IF($C17="Pinus pinaster",IF(OR($D17="",$E17="",$H17="",$F17=""),"",(V17+W17*$E17)/(1+(X17+Y17*$H17)*EXP(-(Z17+AA17*$F17)*$D17))),IF($C17="Quercus pyrenaica",IF(OR($D17="",$E17="",$G17="",$J17=""),"",(V17+W17*$E17)*EXP((X17+Y17*$G17)*EXP(-(Z17+AA17*$J17)*$D17))),"")))),"") | O17: =IFERROR(IF($C17="Pinus sylvestris",IF(OR($D17="",$H17="",$I17="",$J17=""),"",1.3+EXP((AB17+AC17*$H17)*EXP(-(AD17+AE17*$I17)*$D17^(-(AF17+AG17*$J17))))),IF($C17="Pinus nigra",IF(OR($D17="",$H17="",$L17="",$I17=""),"",1.3+EXP((AB17+AC17*$H17)*EXP(-(AD17+AE17*$L17)*$D17^(-(AF17+AG17*$I17))))),IF($C17="Pinus pinaster",IF(OR($D17="",$I17="",$K17=""),"",(AB17+AC17*$I17)/(1+(AD17+AE17*$K17)*EXP(-(AF17+AG17*$I17)*$D17))),IF($C17="Quercus pyrenaica",IF(OR($D17="",$L17="",$J17="",$I17=""),"",(AB17+AC17*$L17)*EXP((AD17+AE17*$J17)*EXP(-(AF17+AG17*$I17)*$D17))),"")))),"") | P17: =IFERROR(IF(OR($C17="",$D17="",$E17="",$G17=""),"",1.3+(AH17+AI17*$E17-AJ17*$G17)*EXP(-AK17/SQRT($D17))),"") | Q17: =IFERROR(IF(OR($C17="",$D17=""),"",1.3+AL17*(LN(1+$D17))^AM17),"") | S17: =IF($C17="","",VLOOKUP($C17,coefs!$A:$V,2,FALSE())) | T17: =IF($C17="","",VLOOKUP($C17,coefs!$A:$V,3,FALSE())) | U17: =IF($C17="","",VLOOKUP($C17,coefs!$A:$V,4,FALSE())) | V17: =IF($C17="","",VLOOKUP($C17,coefs!$A:$V,5,FALSE())) | W17: =IF($C17="","",VLOOKUP($C17,coefs!$A:$V,6,FALSE())) | X17: =IF($C17="","",VLOOKUP($C17,coefs!$A:$V,7,FALSE())) | Y17: =IF($C17="","",VLOOKUP($C17,coefs!$A:$V,8,FALSE())) | Z17: =IF($C17="","",VLOOKUP($C17,coefs!$A:$V,9,FALSE())) | AA17: =IF($C17="","",VLOOKUP($C17,coefs!$A:$V,10,FALSE())) | AB17: =IF($C17="","",VLOOKUP($C17,coefs!$A:$V,11,FALSE())) | AC17: =IF($C17="","",VLOOKUP($C17,coefs!$A:$V,12,FALSE())) | AD17: =IF($C17="","",VLOOKUP($C17,coefs!$A:$V,13,FALSE())) | AE17: =IF($C17="","",VLOOKUP($C17,coefs!$A:$V,14,FALSE())) | AF17: =IF($C17="","",VLOOKUP($C17,coefs!$A:$V,15,FALSE())) | AG17: =IF($C17="","",VLOOKUP($C17,coefs!$A:$V,16,FALSE())) | AH17: =IF($C17="","",VLOOKUP($C17,coefs!$A:$V,17,FALSE())) | AI17: =IF($C17="","",VLOOKUP($C17,coefs!$A:$V,18,FALSE())) | AJ17: =IF($C17="","",VLOOKUP($C17,coefs!$A:$V,19,FALSE())) | AK17: =IF($C17="","",VLOOKUP($C17,coefs!$A:$V,20,FALSE())) | AL17: =IF($C17="","",VLOOKUP($C17,coefs!$A:$V,21,FALSE())) | AM17: =IF($C17="","",VLOOKUP($C17,coefs!$A:$V,22,FALSE()))
... M121: =IFERROR(IF(OR($C121="",$D121=""),"",IF($C121="Pinus pinaster",S121/(1+T121*EXP(-U121*$D121)),IF($C121="Quercus pyrenaica",S121*EXP(T121*EXP(-U121*$D121)),1.3+EXP(S121*EXP(-T121*$D121^(-U121)))))),"") | N121: =IFERROR(IF($C121="Pinus sylvestris",IF(OR($D121="",$E121="",$F121=""),"",1.3+EXP((V121+W121*$E121)*EXP(-(X121+Y121*$F121)*$D121^(-(Z121+AA121*$E121))))),IF($C121="Pinus nigra",IF(OR($D121="",$E121="",$F121="",$J121=""),"",1.3+EXP((V121+W121*$J121)*EXP(-(X121+Y121*$F121)*$D121^(-(Z121+AA121*$E121))))),IF($C121="Pinus pinaster",IF(OR($D121="",$E121="",$H121="",$F121=""),"",(V121+W121*$E121)/(1+(X121+Y121*$H121)*EXP(-(Z121+AA121*$F121)*$D121))),IF($C121="Quercus pyrenaica",IF(OR($D121="",$E121="",$G121="",$J121=""),"",(V121+W121*$E121)*EXP((X121+Y121*$G121)*EXP(-(Z121+AA121*$J121)*$D121))),"")))),"") | O121: =IFERROR(IF($C121="Pinus sylvestris",IF(OR($D121="",$H121="",$I121="",$J121=""),"",1.3+EXP((AB121+AC121*$H121)*EXP(-(AD121+AE121*$I121)*$D121^(-(AF121+AG121*$J121))))),IF($C121="Pinus nigra",IF(OR($D121="",$H121="",$L121="",$I121=""),"",1.3+EXP((AB121+AC121*$H121)*EXP(-(AD121+AE121*$L121)*$D121^(-(AF121+AG121*$I121))))),IF($C121="Pinus pinaster",IF(OR($D121="",$I121="",$K121=""),"",(AB121+AC121*$I121)/(1+(AD121+AE121*$K121)*EXP(-(AF121+AG121*$I121)*$D121))),IF($C121="Quercus pyrenaica",IF(OR($D121="",$L121="",$J121="",$I121=""),"",(AB121+AC121*$L121)*EXP((AD121+AE121*$J121)*EXP(-(AF121+AG121*$I121)*$D121))),"")))),"") | P121: =IFERROR(IF(OR($C121="",$D121="",$E121="",$G121=""),"",1.3+(AH121+AI121*$E121-AJ121*$G121)*EXP(-AK121/SQRT($D121))),"") | Q121: =IFERROR(IF(OR($C121="",$D121=""),"",1.3+AL121*(LN(1+$D121))^AM121),"") | S121: =IF($C121="","",VLOOKUP($C121,coefs!$A:$V,2,FALSE())) | T121: =IF($C121="","",VLOOKUP($C121,coefs!$A:$V,3,FALSE())) | U121: =IF($C121="","",VLOOKUP($C121,coefs!$A:$V,4,FALSE())) | V121: =IF($C121="","",VLOOKUP($C121,coefs!$A:$V,5,FALSE())) | W121: =IF($C121="","",VLOOKUP($C121,coefs!$A:$V,6,FALSE())) | X121: =IF($C121="","",VLOOKUP($C121,coefs!$A:$V,7,FALSE())) | Y121: =IF($C121="","",VLOOKUP($C121,coefs!$A:$V,8,FALSE())) | Z121: =IF($C121="","",VLOOKUP($C121,coefs!$A:$V,9,FALSE())) | AA121: =IF($C121="","",VLOOKUP($C121,coefs!$A:$V,10,FALSE())) | AB121: =IF($C121="","",VLOOKUP($C121,coefs!$A:$V,11,FALSE())) | AC121: =IF($C121="","",VLOOKUP($C121,coefs!$A:$V,12,FALSE())) | AD121: =IF($C121="","",VLOOKUP($C121,coefs!$A:$V,13,FALSE())) | AE121: =IF($C121="","",VLOOKUP($C121,coefs!$A:$V,14,FALSE())) | AF121: =IF($C121="","",VLOOKUP($C121,coefs!$A:$V,15,FALSE())) | AG121: =IF($C121="","",VLOOKUP($C121,coefs!$A:$V,16,FALSE())) | AH121: =IF($C121="","",VLOOKUP($C121,coefs!$A:$V,17,FALSE())) | AI121: =IF($C121="","",VLOOKUP($C121,coefs!$A:$V,18,FALSE())) | AJ121: =IF($C121="","",VLOOKUP($C121,coefs!$A:$V,19,FALSE())) | AK121: =IF($C121="","",VLOOKUP($C121,coefs!$A:$V,20,FALSE())) | AL121: =IF($C121="","",VLOOKUP($C121,coefs!$A:$V,21,FALSE())) | AM121: =IF($C121="","",VLOOKUP($C121,coefs!$A:$V,22,FALSE()))

Sheet Modelos
A1: Modelos altura–diámetro implementados
A2: Cinco modelos por especie. h = altura total (m), dbh = diámetro normal (cm). En los modelos mixtos se aplican solo los efectos fijos (efecto aleatorio de inventario = 0).
A4: Modelo | B4: Entradas necesarias | C4: Ecuación
A5: Base (Local 1) | B5: Solo dbh | C5: P. sylvestris y P. nigra (M11, El Mamoun 2013): h = 1,3 + exp(a·exp(−b·dbh^(−c))) P. pinaster (Pearl 1920): h = β0 / (1 + β1·exp(−β2·dbh)) Q. pyrenaica (Gompertz): h = a·exp(b·exp(−c·dbh))
A6: Ext. con Ho (Local 2) | B6: dbh + variables de masa (incl. Ho) | C6: Extensión del modelo base con efectos fijos de masa: sylvestris: Ho, Do · nigra: BAL, Do, Ho · pinaster: Ho, N, Do · pyrenaica: Ho, dg, BAL
A7: Ext. sin Ho (Local 3) | B7: dbh + variables de masa (sin Ho) | C7: Alternativa sin altura dominante: sylvestris: N, G, BAL · nigra: N, ALT, G · pinaster: G, SDI · pyrenaica: ALT, BAL, G
A8: JCyL (referencia) | B8: dbh + Ho + dg | C8: Modelo vigente JCyL (Schröder & Álvarez-González 2001), reajustado localmente: h = 1,3 + (a + b·Ho − c·dg)·exp(−d/√dbh)
A9: Nacional (referencia) | B9: Solo dbh | C9: Modelo generalizado nacional (Vázquez-Veloso et al. 2025), SIN reajuste local: h = 1,3 + a·(ln(1+dbh))^b — es el mismo tipo de modelo de la calculadora nacional original.
A11: Precisión en validación (25% de los datos)
A12: Especie | B12: Modelo | C12: R² | D12: RMSE (m) | E12: MB (m) | F12: MAE (m)
A13: Pinus sylvestris | B13: Base (Local 1) | C13: 0.578 | D13: 2.178 | E13: -0.021 | F13: 1.738
B14: Ext. con Ho (Local 2) | C14: 0.913 | D14: 0.988 | E14: 0.093 | F14: 0.764
B15: Ext. sin Ho (Local 3) | C15: 0.66 | D15: 1.957 | E15: -0.522 | F15: 1.444
B16: JCyL | C16: 0.912 | D16: 0.997 | E16: -0.038 | F16: 0.774
B17: Nacional | C17: 0.558 | D17: 2.29 | E17: -0.234 | F17: 1.783
A18: Pinus nigra | B18: Base (Local 1) | C18: 0.656 | D18: 1.958 | E18: -0.035 | F18: 1.556
B19: Ext. con Ho (Local 2) | C19: 0.918 | D19: 0.953 | E19: -0.018 | F19: 0.717
B20: Ext. sin Ho (Local 3) | C20: 0.687 | D20: 1.868 | E20: 0.683 | F20: 1.47
B21: JCyL | C21: 0.917 | D21: 0.961 | E21: -0.009 | F21: 0.72
B22: Nacional | C22: 0.622 | D22: 2.051 | E22: -0.171 | F22: 1.636
A23: Pinus pinaster | B23: Base (Local 1) | C23: 0.726 | D23: 1.654 | E23: 0.04 | F23: 1.32
B24: Ext. con Ho (Local 2) | C24: 0.888 | D24: 1.057 | E24: -0.038 | F24: 0.802
B25: Ext. sin Ho (Local 3) | C25: 0.714 | D25: 1.69 | E25: 0.572 | F25: 1.354
B26: JCyL | C26: 0.887 | D26: 1.06 | E26: 0.03 | F26: 0.799
B27: Nacional | C27: 0.642 | D27: 1.89 | E27: 0.903 | F27: 1.513
A28: Quercus pyrenaica | B28: Base (Local 1) | C28: 0.431 | D28: 2.357 | E28: -0.04 | F28: 1.816
B29: Ext. con Ho (Local 2) | C29: 0.685 | D29: 1.753 | E29: 0.285 | F29: 1.285
B30: Ext. sin Ho (Local 3) | C30: 0.544 | D30: 2.097 | E30: 0.227 | F30: 1.595
B31: JCyL | C31: 0.681 | D31: 1.764 | E31: -0.049 | F31: 1.333
B32: Nacional | C32: 0.052 | D32: 3.041 | E32: 1.425 | F32: 2.273
